{
    "UI": {
        "language": "EN-US",
        "languages": [
            "EN-US", "ES-MX", "FR-CA", "DE-DE", "ES-ES", "EN-GB", "RU-RU", "TR-TR", "PL-PL", "FR-FR", "IT-IT", "SV-SE", "PT-PT", "NL-NL", "ZH-TW",
            "JA-JP", "AR-SA", "KO-KR", "PT-BR", "CS-CZ", "DA-DK", "NO-NO"
        ],
        "displayCapabilities": {
            "displayType": "GEN2_8_DMA",
            "displayName": "GENERIC_DISPLAY",
            "textFields": [{
                    "name": "mainField1",
                    "characterSet": "TYPE2SET",
                    "width": 500,
                    "rows": 1
                },
                {
                    "name": "mainField2",
                    "characterSet": "TYPE2SET",
                    "width": 500,
                    "rows": 1
                },
                {
                    "name": "mainField3",
                    "characterSet": "TYPE2SET",
                    "width": 500,
                    "rows": 1
                },
                {
                    "name": "mainField4",
                    "characterSet": "TYPE2SET",
                    "width": 500,
                    "rows": 1
                },
                {
                    "name": "statusBar",
                    "characterSet": "TYPE2SET",
                    "width": 500,
                    "rows": 1
                },
                {
                    "name": "mediaClock",
                    "characterSet": "TYPE2SET",
                    "width": 500,
                    "rows": 1
                },
                {
                    "name": "mediaTrack",
                    "characterSet": "TYPE2SET",
                    "width": 500,
                    "rows": 1
                },
                {
                    "name": "alertText1",
                    "characterSet": "TYPE2SET",
                    "width": 500,
                    "rows": 1
                },
                {
                    "name": "alertText2",
                    "characterSet": "TYPE2SET",
                    "width": 500,
                    "rows": 1
                },
                {
                    "name": "alertText3",
                    "characterSet": "TYPE2SET",
                    "width": 500,
                    "rows": 1
                },
                {
                    "name": "scrollableMessageBody",
                    "characterSet": "TYPE2SET",
                    "width": 500,
                    "rows": 1
                },
                {
                    "name": "initialInteractionText",
                    "characterSet": "TYPE2SET",
                    "width": 500,
                    "rows": 1
                },
                {
                    "name": "navigationText1",
                    "characterSet": "TYPE2SET",
                    "width": 500,
                    "rows": 1
                },
                {
                    "name": "navigationText2",
                    "characterSet": "TYPE2SET",
                    "width": 500,
                    "rows": 1
                },
                {
                    "name": "ETA",
                    "characterSet": "TYPE2SET",
                    "width": 500,
                    "rows": 1
                },
                {
                    "name": "totalDistance",
                    "characterSet": "TYPE2SET",
                    "width": 500,
                    "rows": 1
                },
                {
                    "name": "navigationText",
                    "characterSet": "TYPE2SET",
                    "width": 500,
                    "rows": 1
                },
                {
                    "name": "audioPassThruDisplayText1",
                    "characterSet": "TYPE2SET",
                    "width": 500,
                    "rows": 1
                },
                {
                    "name": "audioPassThruDisplayText2",
                    "characterSet": "TYPE2SET",
                    "width": 500,
                    "rows": 1
                },
                {
                    "name": "sliderHeader",
                    "characterSet": "TYPE2SET",
                    "width": 500,
                    "rows": 1
                },
                {
                    "name": "sliderFooter",
                    "characterSet": "TYPE2SET",
                    "width": 500,
                    "rows": 1
                },
                {
                    "name": "notificationText",
                    "characterSet": "TYPE2SET",
                    "width": 500,
                    "rows": 1
                },
                {
                    "name": "menuName",
                    "characterSet": "TYPE2SET",
                    "width": 500,
                    "rows": 1
                },
                {
                    "name": "secondaryText",
                    "characterSet": "TYPE2SET",
                    "width": 500,
                    "rows": 1
                },
                {
                    "name": "tertiaryText",
                    "characterSet": "TYPE2SET",
                    "width": 500,
                    "rows": 1
                },
                {
                    "name": "timeToDestination",
                    "characterSet": "TYPE2SET",
                    "width": 500,
                    "rows": 1
                },
                {
                    "name": "turnText",
                    "characterSet": "TYPE2SET",
                    "width": 500,
                    "rows": 1
                },
                {
                    "name": "menuTitle",
                    "characterSet": "TYPE2SET",
                    "width": 500,
                    "rows": 1
                }
            ],
            "imageFields": [{
                    "name": "softButtonImage",
                    "imageResolution": {
                        "resolutionWidth": 35,
                        "resolutionHeight": 35
                    }
                },
                {
                    "name": "choiceImage",
                    "imageResolution": {
                        "resolutionWidth": 35,
                        "resolutionHeight": 35
                    }
                },
                {
                    "name": "choiceSecondaryImage",
                    "imageResolution": {
                        "resolutionWidth": 35,
                        "resolutionHeight": 35
                    }
                },
                {
                    "name": "menuIcon",
                    "imageResolution": {
                        "resolutionWidth": 35,
                        "resolutionHeight": 35
                    }
                },
                {
                    "name": "cmdIcon",
                    "imageResolution": {
                        "resolutionWidth": 35,
                        "resolutionHeight": 35
                    }
                },
                {
                    "name": "appIcon",
                    "imageResolution": {
                        "resolutionWidth": 35,
                        "resolutionHeight": 35
                    }
                },
                {
                    "name": "graphic",
                    "imageResolution": {
                        "resolutionWidth": 35,
                        "resolutionHeight": 35
                    }
                },
                {
                    "name": "secondaryGraphic",
                    "imageResolution": {
                        "resolutionWidth": 35,
                        "resolutionHeight": 35
                    }
                },
                {
                    "name": "locationImage",
                    "imageTypeSupported": [
                        "GRAPHIC_PNG"
                    ],
                    "imageResolution": {
                        "resolutionWidth": 35,
                        "resolutionHeight": 35
                    }
                }

            ],
            "mediaClockFormats": [
                "CLOCK1", "CLOCK2", "CLOCK3", "CLOCKTEXT1", "CLOCKTEXT2", "CLOCKTEXT3", "CLOCKTEXT4"
            ],
            "graphicSupported": true,
            "templatesAvailable": [
                "DEFAULT", "MEDIA", "NON-MEDIA", "ONSCREEN_PRESETS", "NAV_FULLSCREEN_MAP", "NAV_KEYBOARD",
                "GRAPHIC_WITH_TEXT", "TEXT_WITH_GRAPHIC", "TILES_ONLY", "TEXTBUTTONS_ONLY",
                "GRAPHIC_WITH_TILES", "TILES_WITH_GRAPHIC", "GRAPHIC_WITH_TEXT_AND_SOFTBUTTONS",
                "TEXT_AND_SOFTBUTTONS_WITH_GRAPHIC", "GRAPHIC_WITH_TEXTBUTTONS",
                "TEXTBUTTONS_WITH_GRAPHIC", "LARGE_GRAPHIC_WITH_SOFTBUTTONS",
                "DOUBLE_GRAPHIC_WITH_SOFTBUTTONS", "LARGE_GRAPHIC_ONLY"
            ],
            "screenParams": {
                "resolution": {
                    "resolutionWidth": 800,
                    "resolutionHeight": 350
                },
                "touchEventAvailable": {
                    "pressAvailable": true,
                    "multiTouchAvailable": false,
                    "doublePressAvailable": false
                }
            },
            "numCustomPresetsAvailable": 8,
            "imageCapabilities": [
                "DYNAMIC",
                "STATIC"
            ]
        },
        "audioPassThruCapabilities": {
            "samplingRate": "44KHZ",
            "bitsPerSample": "RATE_8_BIT",
            "audioType": "PCM"
        },
        "pcmStreamCapabilities": {
            "samplingRate": "16KHZ",
            "bitsPerSample": "RATE_16_BIT",
            "audioType": "PCM"
        },
        "hmiZoneCapabilities": "FRONT",
        "softButtonCapabilities": [{
            "shortPressAvailable": true,
            "longPressAvailable": true,
            "upDownAvailable": true,
            "imageSupported": true
        }],
        "systemCapabilities": {
            "navigationCapability": {
                "sendLocationEnabled": true,
                "getWayPointsEnabled": true
            },
            "phoneCapability": {
                "dialNumberEnabled": true
            },
            "videoStreamingCapability": {
                "preferredResolution": {
                    "resolutionWidth": 800,
                    "resolutionHeight": 350
                },
                "maxBitrate": 10000,
                "supportedFormats": [{
                    "protocol": "RAW",
                    "codec": "H264"
                }],
                "hapticSpatialDataSupported": false
            },
            "remoteControlCapability": {
                "buttonCapabilities": [
                    {
                        "longPressAvailable": true,
                        "name": "AC_MAX",
                        "shortPressAvailable": true,
                        "upDownAvailable": false
                    },
                    {
                        "longPressAvailable": true,
                        "name": "AC",
                        "shortPressAvailable": true,
                        "upDownAvailable": false
                    },
                    {
                        "longPressAvailable": true,
                        "name": "RECIRCULATE",
                        "shortPressAvailable": true,
                        "upDownAvailable": false
                    },
                    {
                        "longPressAvailable": true,
                        "name": "FAN_UP",
                        "shortPressAvailable": true,
                        "upDownAvailable": false
                    },
                    {
                        "longPressAvailable": true,
                        "name": "FAN_DOWN",
                        "shortPressAvailable": true,
                        "upDownAvailable": false
                    },
                    {
                        "longPressAvailable": true,
                        "name": "TEMP_UP",
                        "shortPressAvailable": true,
                        "upDownAvailable": false
                    },
                    {
                        "longPressAvailable": true,
                        "name": "TEMP_DOWN",
                        "shortPressAvailable": true,
                        "upDownAvailable": false
                    },
                    {
                        "longPressAvailable": true,
                        "name": "DEFROST_MAX",
                        "shortPressAvailable": true,
                        "upDownAvailable": false
                    },
                    {
                        "longPressAvailable": true,
                        "name": "DEFROST",
                        "shortPressAvailable": true,
                        "upDownAvailable": false
                    },
                    {
                        "longPressAvailable": true,
                        "name": "DEFROST_REAR",
                        "shortPressAvailable": true,
                        "upDownAvailable": false
                    },
                    {
                        "longPressAvailable": true,
                        "name": "UPPER_VENT",
                        "shortPressAvailable": true,
                        "upDownAvailable": false
                    },
                    {
                        "longPressAvailable": true,
                        "name": "LOWER_VENT",
                        "shortPressAvailable": true,
                        "upDownAvailable": false
                    },
                    {
                        "longPressAvailable": true,
                        "name": "VOLUME_UP",
                        "shortPressAvailable": true,
                        "upDownAvailable": false
                    },
                    {
                        "longPressAvailable": true,
                        "name": "VOLUME_DOWN",
                        "shortPressAvailable": true,
                        "upDownAvailable": false
                    },
                    {
                        "longPressAvailable": true,
                        "name": "EJECT",
                        "shortPressAvailable": true,
                        "upDownAvailable": false
                    },
                    {
                        "longPressAvailable": true,
                        "name": "SOURCE",
                        "shortPressAvailable": true,
                        "upDownAvailable": false
                    },
                    {
                        "longPressAvailable": true,
                        "name": "SHUFFLE",
                        "shortPressAvailable": true,
                        "upDownAvailable": false
                    },
                    {
                        "longPressAvailable": true,
                        "name": "REPEAT",
                        "shortPressAvailable": true,
                        "upDownAvailable": false
                    }
                ],
                "climateControlCapabilities": [
                    {
                        "acEnableAvailable": true,
                        "acMaxEnableAvailable": true,
                        "autoModeEnableAvailable": true,
                        "circulateAirEnableAvailable": true,
                        "currentTemperatureAvailable": true,
                        "defrostZone": [
                            "FRONT",
                            "REAR",
                            "ALL",
                            "NONE"
                        ],
                        "defrostZoneAvailable": true,
                        "desiredTemperatureAvailable": true,
                        "dualModeEnableAvailable": true,
                        "heatedMirrorsAvailable":true,
                        "heatedRearWindowAvailable":true,
                        "heatedSteeringWheelAvailable":true,
                        "heatedWindshieldAvailable":true,
                        "fanSpeedAvailable": true,
                        "moduleName": "primary_climate",
                        "ventilationMode": [
                            "UPPER",
                            "LOWER",
                            "BOTH",
                            "NONE"
                        ],
                        "ventilationModeAvailable": true
                    }
                ],
                "radioControlCapabilities": [
                    {
                        "availableHDsAvailable": true,
                        "hdChannelAvailable": true,
                        "moduleName": "radio",
                        "radioBandAvailable": true,
                        "radioEnableAvailable": true,
                        "radioFrequencyAvailable": true,
                        "rdsDataAvailable": true,
                        "signalChangeThresholdAvailable": true,
                        "signalStrengthAvailable": true,
                        "hdRadioEnableAvailable" : true,
                        "siriusxmRadioAvailable" : true,
                        "sisDataAvailable":true,
                        "stateAvailable": true
                    }
                ],
                "audioControlCapabilities": [
                    {
                        "moduleName": "audio",
                        "sourceAvailable": true,
                        "volumeAvailable": true,
                        "equalizerAvailable": true,
                        "keepContextAvailable" : true,
                        "equalizerMaxChannelId": 10
                    }
                ],
                "seatControlCapabilities": [
                    {
                        "moduleName": "driver_seat",
                        "heatingEnabledAvailable" : true,
                        "coolingEnabledAvailable": true,
                        "heatingLevelAvailable": true,
                        "coolingLevelAvailable": true,
                        "horizontalPositionAvailable": true,
                        "verticalPositionAvailable" : true,
                        "frontVerticalPositionAvailable": true,
                        "backVerticalPositionAvailable": true,
                        "backTiltAngleAvailable": true,
                        "headSupportHorizontalPositionAvailable": true,
                        "headSupportVerticalPositionAvailable" : true,
                        "massageEnabledAvailable": true,
                        "massageModeAvailable": true,
                        "massageCushionFirmnessAvailable": true,
                        "memoryAvailable": true
                    }
                ],
                "lightControlCapabilities": {
                        "moduleName": "light",
                        "supportedLights":[
                              {
                                 "statusAvailable":true,
                                 "densityAvailable":true,
                                 "name":"FRONT_LEFT_HIGH_BEAM",
                                 "rgbColorSpaceAvailable":true
                              },
                              {
                                 "statusAvailable":true,
                                 "densityAvailable":true,
                                 "name":"FRONT_RIGHT_HIGH_BEAM",
                                 "rgbColorSpaceAvailable":true
                              },
                              {
                                 "statusAvailable":true,
                                 "densityAvailable":true,
                                 "name":"FRONT_LEFT_LOW_BEAM",
                                 "rgbColorSpaceAvailable":true
                              },
                              {
                                 "statusAvailable":true,
                                 "densityAvailable":true,
                                 "name":"FRONT_RIGHT_LOW_BEAM",
                                 "rgbColorSpaceAvailable":true
                              },
                              {
                                 "statusAvailable":true,
                                 "densityAvailable":true,
                                 "name":"FRONT_LEFT_PARKING_LIGHT",
                                 "rgbColorSpaceAvailable":true
                              },
                              {
                                 "statusAvailable":true,
                                 "densityAvailable":true,
                                 "name":"FRONT_RIGHT_PARKING_LIGHT",
                                 "rgbColorSpaceAvailable":true
                              },
                              {
                                 "statusAvailable":true,
                                 "densityAvailable":true,
                                 "name":"FRONT_LEFT_FOG_LIGHT",
                                 "rgbColorSpaceAvailable":true
                              },
                              {
                                 "statusAvailable":true,
                                 "densityAvailable":true,
                                 "name":"FRONT_RIGHT_FOG_LIGHT",
                                 "rgbColorSpaceAvailable":true
                              },
                              {
                                 "statusAvailable":true,
                                 "densityAvailable":true,
                                 "name":"FRONT_LEFT_DAYTIME_RUNNING_LIGHT",
                                 "rgbColorSpaceAvailable":true
                              },
                              {
                                 "statusAvailable":true,
                                 "densityAvailable":true,
                                 "name":"FRONT_RIGHT_DAYTIME_RUNNING_LIGHT",
                                 "rgbColorSpaceAvailable":true
                              },
                              {
                                 "statusAvailable":true,
                                 "densityAvailable":true,
                                 "name":"FRONT_LEFT_TURN_LIGHT",
                                 "rgbColorSpaceAvailable":true
                              },
                              {
                                 "statusAvailable":true,
                                 "densityAvailable":true,
                                 "name":"FRONT_RIGHT_TURN_LIGHT",
                                 "rgbColorSpaceAvailable":true
                              },
                              {
                                 "statusAvailable":true,
                                 "densityAvailable":true,
                                 "name":"REAR_LEFT_FOG_LIGHT",
                                 "rgbColorSpaceAvailable":true
                              },
                              {
                                 "statusAvailable":true,
                                 "densityAvailable":true,
                                 "name":"REAR_RIGHT_FOG_LIGHT",
                                 "rgbColorSpaceAvailable":true
                              },
                              {
                                 "statusAvailable":true,
                                 "densityAvailable":true,
                                 "name":"REAR_LEFT_TAIL_LIGHT",
                                 "rgbColorSpaceAvailable":true
                              },
                              {
                                 "statusAvailable":true,
                                 "densityAvailable":true,
                                 "name":"REAR_RIGHT_TAIL_LIGHT",
                                 "rgbColorSpaceAvailable":true
                              },
                              {
                                 "statusAvailable":true,
                                 "densityAvailable":true,
                                 "name":"REAR_LEFT_BRAKE_LIGHT",
                                 "rgbColorSpaceAvailable":true
                              },
                              {
                                 "statusAvailable":true,
                                 "densityAvailable":true,
                                 "name":"REAR_RIGHT_BRAKE_LIGHT",
                                 "rgbColorSpaceAvailable":true
                              },
                              {
                                 "statusAvailable":true,
                                 "densityAvailable":true,
                                 "name":"REAR_LEFT_TURN_LIGHT",
                                 "rgbColorSpaceAvailable":true
                              },
                              {
                                 "statusAvailable":true,
                                 "densityAvailable":true,
                                 "name":"REAR_RIGHT_TURN_LIGHT",
                                 "rgbColorSpaceAvailable":true
                              },
                              {
                                 "statusAvailable":true,
                                 "densityAvailable":true,
                                 "name":"REAR_REGISTRATION_PLATE_LIGHT",
                                 "rgbColorSpaceAvailable":true
                              },
                              {
                                 "statusAvailable":true,
                                 "densityAvailable":true,
                                 "name":"HIGH_BEAMS",
                                 "rgbColorSpaceAvailable":true
                              },
                              {
                                 "statusAvailable":true,
                                 "densityAvailable":true,
                                 "name":"LOW_BEAMS",
                                 "rgbColorSpaceAvailable":true
                              },
                              {
                                 "statusAvailable":true,
                                 "densityAvailable":true,
                                 "name":"FOG_LIGHTS",
                                 "rgbColorSpaceAvailable":true
                              },
                              {
                                 "statusAvailable":true,
                                 "densityAvailable":true,
                                 "name":"RUNNING_LIGHTS",
                                 "rgbColorSpaceAvailable":true
                              },
                              {
                                 "statusAvailable":true,
                                 "densityAvailable":true,
                                 "name":"PARKING_LIGHTS",
                                 "rgbColorSpaceAvailable":true
                              },
                              {
                                 "statusAvailable":true,
                                 "densityAvailable":true,
                                 "name":"BRAKE_LIGHTS",
                                 "rgbColorSpaceAvailable":true
                              },
                              {
                                 "statusAvailable":true,
                                 "densityAvailable":true,
                                 "name":"REAR_REVERSING_LIGHTS",
                                 "rgbColorSpaceAvailable":true
                              },
                              {
                                 "statusAvailable":true,
                                 "densityAvailable":true,
                                 "name":"SIDE_MARKER_LIGHTS",
                                 "rgbColorSpaceAvailable":true
                              },
                              {
                                 "statusAvailable":true,
                                 "densityAvailable":true,
                                 "name":"LEFT_TURN_LIGHTS",
                                 "rgbColorSpaceAvailable":true
                              },
                              {
                                 "statusAvailable":true,
                                 "densityAvailable":true,
                                 "name":"RIGHT_TURN_LIGHTS",
                                 "rgbColorSpaceAvailable":true
                              },
                              {
                                 "statusAvailable":true,
                                 "densityAvailable":true,
                                 "name":"HAZARD_LIGHTS",
                                 "rgbColorSpaceAvailable":true
                              },
                              {
                                 "statusAvailable":true,
                                 "densityAvailable":true,
                                 "name":"AMBIENT_LIGHTS",
                                 "rgbColorSpaceAvailable":true
                              },
                              {
                                 "statusAvailable":true,
                                 "densityAvailable":true,
                                 "name":"OVERHEAD_LIGHTS",
                                 "rgbColorSpaceAvailable":true
                              },
                              {
                                 "statusAvailable":true,
                                 "densityAvailable":true,
                                 "name":"READING_LIGHTS",
                                 "rgbColorSpaceAvailable":true
                              },
                              {
                                 "statusAvailable":true,
                                 "densityAvailable":true,
                                 "name":"TRUNK_LIGHTS",
                                 "rgbColorSpaceAvailable":true
                              },
                              {
                                 "statusAvailable":true,
                                 "densityAvailable":true,
                                 "name":"EXTERIOR_FRONT_LIGHTS",
                                 "rgbColorSpaceAvailable":true
                              },
                              {
                                 "statusAvailable":true,
                                 "densityAvailable":true,
                                 "name":"EXTERIOR_REAR_LIGHTS",
                                 "rgbColorSpaceAvailable":true
                              },
                              {
                                 "statusAvailable":true,
                                 "densityAvailable":true,
                                 "name":"EXTERIOR_LEFT_LIGHTS",
                                 "rgbColorSpaceAvailable":true
                              },
                              {
                                 "statusAvailable":true,
                                 "densityAvailable":true,
                                 "name":"EXTERIOR_RIGHT_LIGHTS",
                                 "rgbColorSpaceAvailable":true
                              },
                              {
                                "statusAvailable":false,
                                "densityAvailable":false,
                                "name":"REAR_CARGO_LIGHTS",
                                "rgbColorSpaceAvailable":false
                              },
                              {
                                "statusAvailable":false,
                                "densityAvailable":false,
                                "name":"REAR_TRUCK_BED_LIGHTS",
                                "rgbColorSpaceAvailable":false
                              },
                              {
                                "statusAvailable":false,
                                "densityAvailable":false,
                                "name":"REAR_TRAILER_LIGHTS",
                                "rgbColorSpaceAvailable":false
                              },
                              {
                                "statusAvailable":false,
                                "densityAvailable":false,
                                "name":"LEFT_SPOT_LIGHTS",
                                "rgbColorSpaceAvailable":false
                              },
                              {
                                "statusAvailable":false,
                                "densityAvailable":false,
                                "name":"RIGHT_SPOT_LIGHTS",
                                "rgbColorSpaceAvailable":false
                              },
                              {
                                "statusAvailable":false,
                                "densityAvailable":false,
                                "name":"LEFT_PUDDLE_LIGHTS",
                                "rgbColorSpaceAvailable":false
                              },
                              {
                                "statusAvailable":false,
                                "densityAvailable":false,
                                "name":"RIGHT_PUDDLE_LIGHTS",
                                "rgbColorSpaceAvailable":false
                              },
                              {
                                "statusAvailable":true,
                                "densityAvailable":false,
                                "name":"EXTERIOR_ALL_LIGHTS",
                                "rgbColorSpaceAvailable":false
                              }
                        ]
                },
                "hmiSettingsControlCapabilities": {
                        "moduleName": "hmiSettings",
                        "distanceUnitAvailable": true,
                        "temperatureUnitAvailable": true,
                        "displayModeUnitAvailable": true
                }
            }
        }
    },
    "VR": {
        "capabilities": ["TEXT"],
        "language": "EN-US",
        "languages": [
            "EN-US", "ES-MX", "FR-CA", "DE-DE", "ES-ES", "EN-GB", "RU-RU", "TR-TR", "PL-PL", "FR-FR", "IT-IT", "SV-SE", "PT-PT", "NL-NL", "ZH-TW",
            "JA-JP", "AR-SA", "KO-KR", "PT-BR", "CS-CZ", "DA-DK", "NO-NO"
        ]
    },
    "TTS": {
        "capabilities": ["TEXT"],
        "language": "EN-US",
        "languages": [
            "EN-US", "ES-MX", "FR-CA", "DE-DE", "ES-ES", "EN-GB", "RU-RU", "TR-TR", "PL-PL", "FR-FR", "IT-IT", "SV-SE", "PT-PT", "NL-NL", "ZH-TW",
            "JA-JP", "AR-SA", "KO-KR", "PT-BR", "CS-CZ", "DA-DK", "NO-NO"
        ]
    },
    "Buttons": {
        "capabilities": [{
                "name": "PRESET_0",
                "shortPressAvailable": true,
                "longPressAvailable": true,
                "upDownAvailable": true
            },
            {
                "name": "PRESET_1",
                "shortPressAvailable": true,
                "longPressAvailable": true,
                "upDownAvailable": true
            },
            {
                "name": "PRESET_2",
                "shortPressAvailable": true,
                "longPressAvailable": true,
                "upDownAvailable": true
            },
            {
                "name": "PRESET_3",
                "shortPressAvailable": true,
                "longPressAvailable": true,
                "upDownAvailable": true
            },
            {
                "name": "PRESET_4",
                "shortPressAvailable": true,
                "longPressAvailable": true,
                "upDownAvailable": true
            },
            {
                "name": "PRESET_5",
                "shortPressAvailable": true,
                "longPressAvailable": true,
                "upDownAvailable": true
            },
            {
                "name": "PRESET_6",
                "shortPressAvailable": true,
                "longPressAvailable": true,
                "upDownAvailable": true
            },
            {
                "name": "PRESET_7",
                "shortPressAvailable": true,
                "longPressAvailable": true,
                "upDownAvailable": true
            },
            {
                "name": "PRESET_8",
                "shortPressAvailable": true,
                "longPressAvailable": true,
                "upDownAvailable": true
            },
            {
                "name": "PRESET_9",
                "shortPressAvailable": true,
                "longPressAvailable": true,
                "upDownAvailable": true
            },
            {
                "name": "OK",
                "shortPressAvailable": true,
                "longPressAvailable": true,
                "upDownAvailable": true
            },
            {
                "name":"PLAY_PAUSE",
                "shortPressAvailable":true,
                "longPressAvailable" :true,
                "upDownAvailable"    :true
            },
            {
                "name": "SEEKLEFT",
                "shortPressAvailable": true,
                "longPressAvailable": true,
                "upDownAvailable": true
            },
            {
                "name": "SEEKRIGHT",
                "shortPressAvailable": true,
                "longPressAvailable": true,
                "upDownAvailable": true
            },
            {
                "name": "TUNEUP",
                "shortPressAvailable": true,
                "longPressAvailable": true,
                "upDownAvailable": true
            },
            {
                "name": "TUNEDOWN",
                "shortPressAvailable": true,
                "longPressAvailable": true,
                "upDownAvailable": true
            }
        ],
        "presetBankCapabilities": {
            "onScreenPresetsAvailable": true
        }
    },
    "VehicleInfo": {
        "make": "Ford",
        "model": "Fiesta",
        "modelYear": "2013",
        "trim": "SE"
    },
    "SyncMessageVersion": {
        "majorVersion": 3,
        "minorVersion": 0
    }
}
